Maquillaje y peinado,instagram,WhatsApp,Domicilio,enlace perfil insta
Alejandra Castillo MUA,alejac.makeup,+ 52 449 201 7582,servicio a domicilio,https://www.instagram.com/alejac.makeup?utm_source=ig_web_button_share_sheet&igsh=ZDNlZDc0MzIxNw==
Carola García Studio,carolagarciastudio,+52 449 395 1637,"Paseo de las Maravillas 101-5, Corral de barrancos, Jesús María, Aguascalientes.",https://www.instagram.com/carolagarciastudio?utm_source=ig_web_button_share_sheet&igsh=ZDNlZDc0MzIxNw==
DC STUDIO MX,DC Studio MX,+52 449 109 9427,"Av. Monte Blanco #828, Trojes de Oriente II, Aguascalientes City",https://www.instagram.com/dc_studiomx?utm_source=ig_web_button_share_sheet&igsh=ZDNlZDc0MzIxNw==
La Clandestina Studio,laclandestinastudio,+52 449 436 2922,"Sierra Madre Occidental #145, Lomas del Campestre, Aguascalientes City",https://www.instagram.com/laclandestinastudio?utm_source=ig_web_button_share_sheet&igsh=ZDNlZDc0MzIxNw==
Karen Gonzalez MUA,karengonzalezmakeupartist,+52 449 254 6784,"Prolongación General Ignacio Zaragoza #323, Aguascalientes City",https://www.instagram.com/karengonzalezmakeupartist?utm_source=ig_web_button_share_sheet&igsh=ZDNlZDc0MzIxNw==
Gloss Up,glossupags,+52 449 211 8972,"Arboledas #207, Fracc. Valle del Campestre, Aguascalientes City",https://www.instagram.com/glossupags?utm_source=ig_web_button_share_sheet&igsh=ZDNlZDc0MzIxNw==
,,,|,
,,,,
BARBER SHOP,instagram,WhatsApp,Domicilio,enlace perfil de insta
Barbería Tres 46,Barberiatres46,+52 449 285 88 16,"Blvd. Luis Donaldo Colosio #346, Aguascalientes City",https://www.instagram.com/barberiatres46?utm_source=ig_web_button_share_sheet&igsh=ZDNlZDc0MzIxNw==
La Barbería del Norte,,+52 449 425 43 71,"Prolongación Zaragoza #312, Local 1, Valle de las trojes, Aguascalientes City",https://www.instagram.com/labarberiadelnorteags/?utm_source=ig_web_button_share_sheet
,,,,
,,,,
Centros comerciales,,,domicilio,enlace insta facebook
ALTARIA,,,"Blvd. A Zacatecas #849, Trojes de Aloso, Aguascalientes City.",https://www.instagram.com/ccaltaria/?utm_source=ig_web_button_share_sheet
Centro comercial GALERIAS,,,"AV. Independencia #2351, Trojes de Alonso, Aguascalientes City",https://www.facebook.com/share/1CwrDtiq97/?mibextid=wwXIfr
Plaza Universidad,,,"Av. Universidad #935, Bosques del Prado Sur, Aguascalientes City.",https://www.facebook.com/share/19W9KSkhRq/?mibextid=wwXIfr
,,,,
,,,,
Renta de Vestidos ,instagram,WhatsApp,domicilio,enlace perfil de insta
La casa del vestido,lacasadelvestido.ags,+52 449 198 3615,"San Julian #405, Bosques del Prado Norte, Aguascalientes City",https://www.instagram.com/lacasadelvestido.ags?utm_source=ig_web_button_share_sheet&igsh=ZDNlZDc0MzIxNw==
Elenuit Renta de Vestidos,elenuitvestidos_ags,+52 449 251 4026,"Andes Apeninos #200, Monte Everest, esq. Los Bosques. El llano Aguascalientes",https://www.instagram.com/elenuitvestidos_ags?utm_source=ig_web_button_share_sheet&igsh=ZDNlZDc0MzIxNw==
Amapola- Renta de vestidos,amapola_ags,+52 449 205 1638,"Monte verest 205A, Bosques del Prado note, Aguascalientes City",https://www.instagram.com/amapola__ags?utm_source=ig_web_button_share_sheet&igsh=ZDNlZDc0MzIxNw==
Switch Renta de Vestidos Aguascalientes,switchags,+52 449 552 3545,"Prolongación General Ignacio Zaragoza #815, Plaza Infinite",https://www.instagram.com/switchags?utm_source=ig_web_button_share_sheet&igsh=ZDNlZDc0MzIxNw==
Maldiva renta de vestidos AGS,maldiva_rentadevestidos_ags,+52 449 285 6674,"Calle Silos #392, Valle del Campestre, Aguascalientes City",https://www.instagram.com/maldiva_rentadevestidos_ags?utm_source=ig_web_button_share_sheet&igsh=ZDNlZDc0MzIxNw==
,,,,
Renta de trajes,Instagram,WhatsApp,domicilio,enlace perfil insta
La casa del Smoking Aguascalientes,lacasadelsmokingcolosio,+52 449 688 3876,"Luis Donaldo Colosio #107, Jardines De La Concepción, Aguascalientes City",https://www.instagram.com/lacasadelsmokingcolosio?igsh=MTg2Mml5ejN3MGR0OA==
D'PAUL,dpaulaguascalientes,+52 449 912 7909,"Av. Aguascalientes Norte #206 Local 2, Aguascalientes City",https://www.instagram.com/dpaulaguascalientes/?utm_source=ig_web_button_share_sheet
Renta de trajes KINGSMAN,kingsmanrentadetrajesags,+52 449 190 4545,"Zaragoza #314, Col. Centro. Aguascalientes City",https://www.instagram.com/kingsmanrentadetrajesags?utm_source=ig_web_button_share_sheet&igsh=ZDNlZDc0MzIxNw==
